Name,Price,Availability,Brand,Rating,Review_Count,Star_5,Star_4,Star_3,Star_2,Star_1,Delivery_By_Pincode,Sponsored,Specifications
Noise Watch Model 1,₹5774,In Stock,Noise,4.0,4069,1315,1433,375,283,166,Delivery in 3-5 days,Yes,Analog|Water Resistant|Leather Strap
Titan Watch Model 2,₹3786,In Stock,Titan,3.5,3993,1433,1190,147,207,151,Delivery in 3-5 days,Yes,Analog|Water Resistant|Leather Strap
Timex Watch Model 3,₹2828,In Stock,Timex,4.4,2496,1481,731,12,146,19,Delivery in 3-5 days,No,Analog|Water Resistant|Leather Strap
Noise Watch Model 4,₹8086,In Stock,Noise,4.6,1683,1188,184,702,320,158,Delivery in 3-5 days,Yes,Analog|Water Resistant|Leather Strap
Timex Watch Model 5,₹9464,In Stock,Timex,4.1,4510,1398,87,618,69,118,Delivery in 3-5 days,Yes,Analog|Water Resistant|Leather Strap
Boat Watch Model 6,₹6067,In Stock,Boat,4.1,2572,2728,1357,166,269,70,Delivery in 3-5 days,No,Analog|Water Resistant|Leather Strap
Fossil Watch Model 7,₹6415,In Stock,Fossil,4.9,1706,1019,1037,510,382,163,Delivery in 3-5 days,Yes,Analog|Water Resistant|Leather Strap
Boat Watch Model 8,₹1811,In Stock,Boat,4.5,269,2816,338,222,193,39,Delivery in 3-5 days,No,Analog|Water Resistant|Leather Strap
Casio Watch Model 9,₹5344,In Stock,Casio,4.8,1319,509,625,533,293,2,Delivery in 3-5 days,No,Analog|Water Resistant|Leather Strap
Fossil Watch Model 10,₹1153,In Stock,Fossil,4.8,3582,280,1282,764,116,2,Delivery in 3-5 days,No,Analog|Water Resistant|Leather Strap
Boat Watch Model 11,₹9618,In Stock,Boat,3.6,4933,2363,759,537,373,191,Delivery in 3-5 days,Yes,Analog|Water Resistant|Leather Strap
Fastrack Watch Model 12,₹1007,In Stock,Fastrack,4.6,3209,1488,1430,76,22,58,Delivery in 3-5 days,No,Analog|Water Resistant|Leather Strap
Titan Watch Model 13,₹3565,In Stock,Titan,4.6,4249,2094,1450,201,376,93,Delivery in 3-5 days,No,Analog|Water Resistant|Leather Strap
Boat Watch Model 14,₹7037,In Stock,Boat,4.6,1041,2710,295,329,117,124,Delivery in 3-5 days,No,Analog|Water Resistant|Leather Strap
Fastrack Watch Model 15,₹5673,In Stock,Fastrack,3.5,4027,2268,1213,196,220,123,Delivery in 3-5 days,No,Analog|Water Resistant|Leather Strap
Fossil Watch Model 16,₹5207,In Stock,Fossil,3.7,873,2954,522,176,331,81,Delivery in 3-5 days,Yes,Analog|Water Resistant|Leather Strap
Fastrack Watch Model 17,₹4676,In Stock,Fastrack,4.7,1104,681,727,558,315,59,Delivery in 3-5 days,Yes,Analog|Water Resistant|Leather Strap
Noise Watch Model 18,₹4020,In Stock,Noise,4.9,1143,820,467,481,246,136,Delivery in 3-5 days,No,Analog|Water Resistant|Leather Strap
Noise Watch Model 19,₹3754,In Stock,Noise,4.4,18,1072,930,637,194,49,Delivery in 3-5 days,No,Analog|Water Resistant|Leather Strap
Casio Watch Model 20,₹3058,In Stock,Casio,4.5,801,452,209,453,168,141,Delivery in 3-5 days,Yes,Analog|Water Resistant|Leather Strap
Noise Watch Model 21,₹9972,In Stock,Noise,4.3,1726,628,625,304,346,133,Delivery in 3-5 days,No,Analog|Water Resistant|Leather Strap
Fossil Watch Model 22,₹4817,In Stock,Fossil,4.1,1290,2384,80,123,218,60,Delivery in 3-5 days,Yes,Analog|Water Resistant|Leather Strap
Casio Watch Model 23,₹6676,In Stock,Casio,4.9,757,612,569,371,231,89,Delivery in 3-5 days,No,Analog|Water Resistant|Leather Strap
Sonata Watch Model 24,₹5175,In Stock,Sonata,4.5,4586,2962,1071,758,362,30,Delivery in 3-5 days,No,Analog|Water Resistant|Leather Strap
Titan Watch Model 25,₹9313,In Stock,Titan,4.9,775,1829,277,477,183,191,Delivery in 3-5 days,No,Analog|Water Resistant|Leather Strap
Boat Watch Model 26,₹6144,In Stock,Boat,3.8,2382,738,98,571,145,166,Delivery in 3-5 days,Yes,Analog|Water Resistant|Leather Strap
Sonata Watch Model 27,₹1745,In Stock,Sonata,4.8,2490,2332,535,116,298,85,Delivery in 3-5 days,Yes,Analog|Water Resistant|Leather Strap
Casio Watch Model 28,₹4130,In Stock,Casio,4.5,3444,79,999,532,336,119,Delivery in 3-5 days,Yes,Analog|Water Resistant|Leather Strap
Fastrack Watch Model 29,₹9744,In Stock,Fastrack,4.8,319,149,1126,216,134,81,Delivery in 3-5 days,No,Analog|Water Resistant|Leather Strap
Timex Watch Model 30,₹2481,In Stock,Timex,3.8,1992,2470,1079,473,339,60,Delivery in 3-5 days,Yes,Analog|Water Resistant|Leather Strap
Timex Watch Model 31,₹3475,In Stock,Timex,4.3,2358,596,1418,659,143,194,Delivery in 3-5 days,No,Analog|Water Resistant|Leather Strap
Titan Watch Model 32,₹3698,In Stock,Titan,4.9,4587,2063,735,120,337,50,Delivery in 3-5 days,No,Analog|Water Resistant|Leather Strap
Titan Watch Model 33,₹4581,In Stock,Titan,3.7,4688,2822,1005,92,396,141,Delivery in 3-5 days,No,Analog|Water Resistant|Leather Strap
Titan Watch Model 34,₹2909,In Stock,Titan,4.4,441,1847,773,42,381,130,Delivery in 3-5 days,Yes,Analog|Water Resistant|Leather Strap
Titan Watch Model 35,₹7174,In Stock,Titan,3.9,65,228,917,443,124,191,Delivery in 3-5 days,Yes,Analog|Water Resistant|Leather Strap
Timex Watch Model 36,₹5567,In Stock,Timex,4.9,4814,466,936,587,55,24,Delivery in 3-5 days,Yes,Analog|Water Resistant|Leather Strap
Boat Watch Model 37,₹8147,In Stock,Boat,3.8,3638,1028,1063,773,231,178,Delivery in 3-5 days,Yes,Analog|Water Resistant|Leather Strap
Casio Watch Model 38,₹5293,In Stock,Casio,3.8,4530,382,805,752,309,80,Delivery in 3-5 days,Yes,Analog|Water Resistant|Leather Strap
Casio Watch Model 39,₹7980,In Stock,Casio,4.1,2509,1233,1104,637,335,60,Delivery in 3-5 days,No,Analog|Water Resistant|Leather Strap
Noise Watch Model 40,₹5963,In Stock,Noise,4.8,1595,2793,789,584,258,146,Delivery in 3-5 days,No,Analog|Water Resistant|Leather Strap
Timex Watch Model 41,₹3028,In Stock,Timex,3.7,120,219,1003,549,132,58,Delivery in 3-5 days,Yes,Analog|Water Resistant|Leather Strap
Boat Watch Model 42,₹1079,In Stock,Boat,4.8,632,2946,1074,205,226,77,Delivery in 3-5 days,Yes,Analog|Water Resistant|Leather Strap
Casio Watch Model 43,₹4525,In Stock,Casio,3.8,1898,1788,1058,163,297,33,Delivery in 3-5 days,Yes,Analog|Water Resistant|Leather Strap
Casio Watch Model 44,₹2296,In Stock,Casio,4.7,2518,2433,1211,674,89,98,Delivery in 3-5 days,Yes,Analog|Water Resistant|Leather Strap
Fastrack Watch Model 45,₹8015,In Stock,Fastrack,4.7,1327,2582,401,22,14,83,Delivery in 3-5 days,No,Analog|Water Resistant|Leather Strap
Noise Watch Model 46,₹7753,In Stock,Noise,4.6,244,479,81,790,292,148,Delivery in 3-5 days,Yes,Analog|Water Resistant|Leather Strap
Timex Watch Model 47,₹8430,In Stock,Timex,3.7,4551,641,1130,208,341,63,Delivery in 3-5 days,No,Analog|Water Resistant|Leather Strap
Titan Watch Model 48,₹3220,In Stock,Titan,3.9,173,1146,1115,766,190,97,Delivery in 3-5 days,No,Analog|Water Resistant|Leather Strap
Casio Watch Model 49,₹4723,In Stock,Casio,4.3,256,2818,1444,743,347,195,Delivery in 3-5 days,No,Analog|Water Resistant|Leather Strap
Timex Watch Model 50,₹8402,In Stock,Timex,4.3,1159,2956,816,220,395,34,Delivery in 3-5 days,No,Analog|Water Resistant|Leather Strap
Fastrack Watch Model 51,₹8549,In Stock,Fastrack,4.9,4296,1066,661,30,286,107,Delivery in 3-5 days,Yes,Analog|Water Resistant|Leather Strap
Titan Watch Model 52,₹1640,In Stock,Titan,4.6,1505,1228,1426,124,347,165,Delivery in 3-5 days,No,Analog|Water Resistant|Leather Strap
Timex Watch Model 53,₹1085,In Stock,Timex,4.6,2828,1063,494,458,327,137,Delivery in 3-5 days,No,Analog|Water Resistant|Leather Strap
Fossil Watch Model 54,₹2158,In Stock,Fossil,4.0,4983,1259,1431,176,211,97,Delivery in 3-5 days,Yes,Analog|Water Resistant|Leather Strap
Titan Watch Model 55,₹1718,In Stock,Titan,3.8,3000,1110,812,424,138,125,Delivery in 3-5 days,No,Analog|Water Resistant|Leather Strap
Timex Watch Model 56,₹6065,In Stock,Timex,4.8,3116,1160,222,222,169,162,Delivery in 3-5 days,Yes,Analog|Water Resistant|Leather Strap
Titan Watch Model 57,₹7623,In Stock,Titan,4.5,3067,2061,659,267,58,155,Delivery in 3-5 days,Yes,Analog|Water Resistant|Leather Strap
Sonata Watch Model 58,₹4558,In Stock,Sonata,4.1,411,378,186,97,207,122,Delivery in 3-5 days,Yes,Analog|Water Resistant|Leather Strap
Boat Watch Model 59,₹2695,In Stock,Boat,4.5,242,726,1465,729,28,68,Delivery in 3-5 days,No,Analog|Water Resistant|Leather Strap
Sonata Watch Model 60,₹2242,In Stock,Sonata,4.8,1180,911,90,99,255,100,Delivery in 3-5 days,Yes,Analog|Water Resistant|Leather Strap
Titan Watch Model 61,₹6134,In Stock,Titan,3.6,1180,127,1238,597,77,90,Delivery in 3-5 days,No,Analog|Water Resistant|Leather Strap
Titan Watch Model 62,₹2226,In Stock,Titan,4.8,791,2254,698,624,299,161,Delivery in 3-5 days,No,Analog|Water Resistant|Leather Strap
Fastrack Watch Model 63,₹9359,In Stock,Fastrack,3.8,1182,773,29,121,325,192,Delivery in 3-5 days,Yes,Analog|Water Resistant|Leather Strap
Boat Watch Model 64,₹7262,In Stock,Boat,4.4,3256,2931,931,367,214,64,Delivery in 3-5 days,No,Analog|Water Resistant|Leather Strap
Boat Watch Model 65,₹7194,In Stock,Boat,3.7,782,1109,784,562,24,122,Delivery in 3-5 days,Yes,Analog|Water Resistant|Leather Strap
Timex Watch Model 66,₹3188,In Stock,Timex,4.3,637,481,259,543,41,121,Delivery in 3-5 days,Yes,Analog|Water Resistant|Leather Strap
Noise Watch Model 67,₹6252,In Stock,Noise,4.7,307,2611,1101,600,110,134,Delivery in 3-5 days,No,Analog|Water Resistant|Leather Strap
Sonata Watch Model 68,₹7534,In Stock,Sonata,3.7,1454,2114,1019,658,68,199,Delivery in 3-5 days,No,Analog|Water Resistant|Leather Strap
Sonata Watch Model 69,₹1562,In Stock,Sonata,4.4,2607,264,49,691,301,114,Delivery in 3-5 days,No,Analog|Water Resistant|Leather Strap
Fossil Watch Model 70,₹2547,In Stock,Fossil,4.3,1699,2413,783,230,191,117,Delivery in 3-5 days,Yes,Analog|Water Resistant|Leather Strap
Fastrack Watch Model 71,₹2851,In Stock,Fastrack,4.9,4249,2169,1371,700,9,133,Delivery in 3-5 days,No,Analog|Water Resistant|Leather Strap
Noise Watch Model 72,₹2714,In Stock,Noise,5.0,4878,1708,545,776,56,157,Delivery in 3-5 days,Yes,Analog|Water Resistant|Leather Strap
Fastrack Watch Model 73,₹5503,In Stock,Fastrack,4.1,2048,1843,623,588,362,43,Delivery in 3-5 days,Yes,Analog|Water Resistant|Leather Strap
Titan Watch Model 74,₹7553,In Stock,Titan,3.8,1623,1823,894,227,336,184,Delivery in 3-5 days,No,Analog|Water Resistant|Leather Strap
Fossil Watch Model 75,₹1565,In Stock,Fossil,4.2,3680,567,750,94,371,34,Delivery in 3-5 days,Yes,Analog|Water Resistant|Leather Strap
Fastrack Watch Model 76,₹6376,In Stock,Fastrack,4.2,1256,1569,1125,441,238,65,Delivery in 3-5 days,No,Analog|Water Resistant|Leather Strap
Fastrack Watch Model 77,₹9747,In Stock,Fastrack,4.6,4020,572,577,154,6,110,Delivery in 3-5 days,No,Analog|Water Resistant|Leather Strap
Fossil Watch Model 78,₹2183,In Stock,Fossil,4.6,1670,2080,1089,252,363,154,Delivery in 3-5 days,No,Analog|Water Resistant|Leather Strap
Casio Watch Model 79,₹4794,In Stock,Casio,4.0,4805,445,42,121,216,99,Delivery in 3-5 days,Yes,Analog|Water Resistant|Leather Strap
Fastrack Watch Model 80,₹6956,In Stock,Fastrack,3.8,1062,601,141,405,90,18,Delivery in 3-5 days,No,Analog|Water Resistant|Leather Strap
Timex Watch Model 81,₹9850,In Stock,Timex,4.0,2930,741,107,260,90,24,Delivery in 3-5 days,No,Analog|Water Resistant|Leather Strap
Casio Watch Model 82,₹5130,In Stock,Casio,4.3,1423,653,1321,41,332,15,Delivery in 3-5 days,Yes,Analog|Water Resistant|Leather Strap
Fastrack Watch Model 83,₹5889,In Stock,Fastrack,4.5,3127,1723,246,209,275,57,Delivery in 3-5 days,No,Analog|Water Resistant|Leather Strap
Fastrack Watch Model 84,₹1243,In Stock,Fastrack,4.0,4040,2428,1164,362,227,99,Delivery in 3-5 days,Yes,Analog|Water Resistant|Leather Strap
Fastrack Watch Model 85,₹9668,In Stock,Fastrack,4.4,1921,406,635,278,338,7,Delivery in 3-5 days,Yes,Analog|Water Resistant|Leather Strap
Noise Watch Model 86,₹6812,In Stock,Noise,3.8,3265,1504,224,399,341,48,Delivery in 3-5 days,Yes,Analog|Water Resistant|Leather Strap
Noise Watch Model 87,₹5935,In Stock,Noise,3.6,1186,2903,724,105,283,69,Delivery in 3-5 days,Yes,Analog|Water Resistant|Leather Strap
Fastrack Watch Model 88,₹9233,In Stock,Fastrack,4.7,3974,1025,133,714,311,193,Delivery in 3-5 days,Yes,Analog|Water Resistant|Leather Strap
Titan Watch Model 89,₹3443,In Stock,Titan,4.2,2077,1940,271,514,80,55,Delivery in 3-5 days,No,Analog|Water Resistant|Leather Strap
Noise Watch Model 90,₹6780,In Stock,Noise,4.6,3103,2438,941,312,285,101,Delivery in 3-5 days,Yes,Analog|Water Resistant|Leather Strap
Fastrack Watch Model 91,₹8989,In Stock,Fastrack,3.9,2667,1546,96,407,40,106,Delivery in 3-5 days,No,Analog|Water Resistant|Leather Strap
Sonata Watch Model 92,₹6805,In Stock,Sonata,3.5,2844,1164,29,88,113,180,Delivery in 3-5 days,Yes,Analog|Water Resistant|Leather Strap
Timex Watch Model 93,₹2793,In Stock,Timex,4.3,520,1572,667,727,72,166,Delivery in 3-5 days,No,Analog|Water Resistant|Leather Strap
Fossil Watch Model 94,₹9600,In Stock,Fossil,3.8,2787,1847,164,263,397,61,Delivery in 3-5 days,Yes,Analog|Water Resistant|Leather Strap
Noise Watch Model 95,₹9308,In Stock,Noise,4.1,1817,532,1341,609,317,79,Delivery in 3-5 days,Yes,Analog|Water Resistant|Leather Strap
Sonata Watch Model 96,₹5962,In Stock,Sonata,4.2,4111,1755,320,322,93,12,Delivery in 3-5 days,Yes,Analog|Water Resistant|Leather Strap
Timex Watch Model 97,₹2143,In Stock,Timex,4.1,1076,2514,246,695,21,171,Delivery in 3-5 days,No,Analog|Water Resistant|Leather Strap
Fastrack Watch Model 98,₹5710,In Stock,Fastrack,3.7,18,2948,413,339,53,33,Delivery in 3-5 days,No,Analog|Water Resistant|Leather Strap
Noise Watch Model 99,₹1698,In Stock,Noise,4.4,2819,1280,129,603,394,46,Delivery in 3-5 days,Yes,Analog|Water Resistant|Leather Strap
Sonata Watch Model 100,₹4882,In Stock,Sonata,4.4,2211,2997,396,193,253,174,Delivery in 3-5 days,No,Analog|Water Resistant|Leather Strap
Casio Watch Model 101,₹6088,In Stock,Casio,4.3,772,1241,897,740,368,95,Delivery in 3-5 days,Yes,Analog|Water Resistant|Leather Strap
Boat Watch Model 102,₹2953,In Stock,Boat,3.9,4445,1016,576,476,344,165,Delivery in 3-5 days,No,Analog|Water Resistant|Leather Strap
Fastrack Watch Model 103,₹1514,In Stock,Fastrack,3.8,2415,1802,501,740,322,80,Delivery in 3-5 days,Yes,Analog|Water Resistant|Leather Strap
Timex Watch Model 104,₹8206,In Stock,Timex,3.5,4438,2191,1243,758,267,167,Delivery in 3-5 days,No,Analog|Water Resistant|Leather Strap
Fossil Watch Model 105,₹5237,In Stock,Fossil,3.9,242,945,1177,89,315,46,Delivery in 3-5 days,No,Analog|Water Resistant|Leather Strap
Sonata Watch Model 106,₹2670,In Stock,Sonata,4.9,4090,2581,916,318,106,161,Delivery in 3-5 days,No,Analog|Water Resistant|Leather Strap
Titan Watch Model 107,₹8340,In Stock,Titan,4.4,1212,946,830,538,98,45,Delivery in 3-5 days,No,Analog|Water Resistant|Leather Strap
Fastrack Watch Model 108,₹1221,In Stock,Fastrack,3.6,4883,968,1352,204,243,66,Delivery in 3-5 days,Yes,Analog|Water Resistant|Leather Strap
Timex Watch Model 109,₹3856,In Stock,Timex,3.8,2012,1905,380,102,114,146,Delivery in 3-5 days,Yes,Analog|Water Resistant|Leather Strap
Boat Watch Model 110,₹4399,In Stock,Boat,4.6,4052,472,278,458,324,72,Delivery in 3-5 days,No,Analog|Water Resistant|Leather Strap
Fastrack Watch Model 111,₹3420,In Stock,Fastrack,3.8,1928,1605,1469,612,358,119,Delivery in 3-5 days,Yes,Analog|Water Resistant|Leather Strap
Titan Watch Model 112,₹8339,In Stock,Titan,4.2,4760,2031,96,224,249,43,Delivery in 3-5 days,Yes,Analog|Water Resistant|Leather Strap
Fastrack Watch Model 113,₹6893,In Stock,Fastrack,4.6,1408,1964,1472,537,316,179,Delivery in 3-5 days,No,Analog|Water Resistant|Leather Strap
Boat Watch Model 114,₹2010,In Stock,Boat,3.7,775,293,169,471,13,13,Delivery in 3-5 days,Yes,Analog|Water Resistant|Leather Strap
Sonata Watch Model 115,₹7466,In Stock,Sonata,4.2,2914,569,1301,33,366,120,Delivery in 3-5 days,No,Analog|Water Resistant|Leather Strap
Fastrack Watch Model 116,₹5479,In Stock,Fastrack,4.5,1841,1559,780,162,40,179,Delivery in 3-5 days,No,Analog|Water Resistant|Leather Strap
Titan Watch Model 117,₹1540,In Stock,Titan,4.4,1579,1924,208,223,147,44,Delivery in 3-5 days,No,Analog|Water Resistant|Leather Strap
Boat Watch Model 118,₹9950,In Stock,Boat,4.9,4998,1485,662,739,287,54,Delivery in 3-5 days,No,Analog|Water Resistant|Leather Strap
Sonata Watch Model 119,₹7707,In Stock,Sonata,4.1,2159,1324,1418,177,106,186,Delivery in 3-5 days,No,Analog|Water Resistant|Leather Strap
Fossil Watch Model 120,₹6543,In Stock,Fossil,3.7,136,601,988,539,275,150,Delivery in 3-5 days,Yes,Analog|Water Resistant|Leather Strap
Fastrack Watch Model 121,₹898,In Stock,Fastrack,3.6,329,1914,998,352,188,192,Delivery in 3-5 days,No,Analog|Water Resistant|Leather Strap
Titan Watch Model 122,₹8697,In Stock,Titan,3.6,2728,633,548,22,221,183,Delivery in 3-5 days,No,Analog|Water Resistant|Leather Strap
Casio Watch Model 123,₹9384,In Stock,Casio,3.6,4389,1398,795,19,290,134,Delivery in 3-5 days,Yes,Analog|Water Resistant|Leather Strap
Noise Watch Model 124,₹8202,In Stock,Noise,4.3,1259,1926,770,344,99,35,Delivery in 3-5 days,No,Analog|Water Resistant|Leather Strap
Noise Watch Model 125,₹977,In Stock,Noise,4.3,4202,1159,501,709,373,20,Delivery in 3-5 days,Yes,Analog|Water Resistant|Leather Strap
Timex Watch Model 126,₹8445,In Stock,Timex,4.9,2652,673,1436,450,247,165,Delivery in 3-5 days,No,Analog|Water Resistant|Leather Strap
Titan Watch Model 127,₹4947,In Stock,Titan,3.9,122,2709,1023,337,206,136,Delivery in 3-5 days,Yes,Analog|Water Resistant|Leather Strap
Sonata Watch Model 128,₹3731,In Stock,Sonata,3.5,4202,2931,27,691,323,128,Delivery in 3-5 days,No,Analog|Water Resistant|Leather Strap
Fossil Watch Model 129,₹1125,In Stock,Fossil,4.1,3854,1102,561,716,262,172,Delivery in 3-5 days,Yes,Analog|Water Resistant|Leather Strap
Boat Watch Model 130,₹2730,In Stock,Boat,4.2,2321,821,636,351,322,152,Delivery in 3-5 days,No,Analog|Water Resistant|Leather Strap
Fossil Watch Model 131,₹8622,In Stock,Fossil,4.7,3081,2200,830,47,51,154,Delivery in 3-5 days,Yes,Analog|Water Resistant|Leather Strap
Timex Watch Model 132,₹7851,In Stock,Timex,4.9,4271,1747,977,507,27,95,Delivery in 3-5 days,No,Analog|Water Resistant|Leather Strap
Titan Watch Model 133,₹2111,In Stock,Titan,4.8,1317,2004,791,659,354,176,Delivery in 3-5 days,Yes,Analog|Water Resistant|Leather Strap
Timex Watch Model 134,₹7331,In Stock,Timex,4.9,2381,2978,522,798,239,45,Delivery in 3-5 days,No,Analog|Water Resistant|Leather Strap
Fastrack Watch Model 135,₹6822,In Stock,Fastrack,4.9,3894,1325,129,181,377,76,Delivery in 3-5 days,Yes,Analog|Water Resistant|Leather Strap
Sonata Watch Model 136,₹1337,In Stock,Sonata,4.9,1129,1818,144,765,234,26,Delivery in 3-5 days,No,Analog|Water Resistant|Leather Strap
Timex Watch Model 137,₹7764,In Stock,Timex,5.0,634,2378,98,426,381,167,Delivery in 3-5 days,Yes,Analog|Water Resistant|Leather Strap
Casio Watch Model 138,₹7636,In Stock,Casio,4.0,617,1873,118,138,262,103,Delivery in 3-5 days,No,Analog|Water Resistant|Leather Strap
Sonata Watch Model 139,₹6702,In Stock,Sonata,4.2,2891,1666,474,303,225,75,Delivery in 3-5 days,No,Analog|Water Resistant|Leather Strap
Boat Watch Model 140,₹2221,In Stock,Boat,3.8,3102,2836,247,209,65,111,Delivery in 3-5 days,No,Analog|Water Resistant|Leather Strap
Boat Watch Model 141,₹5174,In Stock,Boat,3.9,3802,373,668,462,179,95,Delivery in 3-5 days,No,Analog|Water Resistant|Leather Strap
Timex Watch Model 142,₹7805,In Stock,Timex,3.6,893,1448,434,601,58,186,Delivery in 3-5 days,Yes,Analog|Water Resistant|Leather Strap
Fossil Watch Model 143,₹8006,In Stock,Fossil,3.6,3581,2529,604,459,351,14,Delivery in 3-5 days,Yes,Analog|Water Resistant|Leather Strap
Casio Watch Model 144,₹7783,In Stock,Casio,4.9,156,2240,1402,348,254,119,Delivery in 3-5 days,Yes,Analog|Water Resistant|Leather Strap
Noise Watch Model 145,₹9254,In Stock,Noise,4.9,3150,1437,218,358,236,25,Delivery in 3-5 days,No,Analog|Water Resistant|Leather Strap
Sonata Watch Model 146,₹1435,In Stock,Sonata,3.7,2957,1282,81,280,236,130,Delivery in 3-5 days,No,Analog|Water Resistant|Leather Strap
Sonata Watch Model 147,₹9975,In Stock,Sonata,4.6,762,722,1369,523,74,181,Delivery in 3-5 days,No,Analog|Water Resistant|Leather Strap
Noise Watch Model 148,₹9394,In Stock,Noise,3.9,472,2703,1494,475,126,62,Delivery in 3-5 days,No,Analog|Water Resistant|Leather Strap
Casio Watch Model 149,₹5705,In Stock,Casio,3.9,4332,1144,802,51,376,189,Delivery in 3-5 days,Yes,Analog|Water Resistant|Leather Strap
Noise Watch Model 150,₹6490,In Stock,Noise,4.5,295,905,204,430,183,164,Delivery in 3-5 days,Yes,Analog|Water Resistant|Leather Strap
Fastrack Watch Model 151,₹897,In Stock,Fastrack,4.9,2326,1561,1227,185,306,166,Delivery in 3-5 days,Yes,Analog|Water Resistant|Leather Strap
Boat Watch Model 152,₹6399,In Stock,Boat,3.7,3003,1041,482,363,72,101,Delivery in 3-5 days,Yes,Analog|Water Resistant|Leather Strap
Casio Watch Model 153,₹935,In Stock,Casio,4.1,2053,2849,854,722,45,61,Delivery in 3-5 days,Yes,Analog|Water Resistant|Leather Strap
Boat Watch Model 154,₹4520,In Stock,Boat,4.0,4153,1296,782,14,100,100,Delivery in 3-5 days,Yes,Analog|Water Resistant|Leather Strap
Casio Watch Model 155,₹8877,In Stock,Casio,4.5,1206,744,825,534,92,175,Delivery in 3-5 days,Yes,Analog|Water Resistant|Leather Strap
Fossil Watch Model 156,₹5722,In Stock,Fossil,3.5,4816,1425,1490,673,113,22,Delivery in 3-5 days,Yes,Analog|Water Resistant|Leather Strap
Fossil Watch Model 157,₹7438,In Stock,Fossil,5.0,3257,1129,788,72,256,192,Delivery in 3-5 days,Yes,Analog|Water Resistant|Leather Strap
Sonata Watch Model 158,₹6341,In Stock,Sonata,3.5,2140,1352,943,197,392,56,Delivery in 3-5 days,No,Analog|Water Resistant|Leather Strap
Sonata Watch Model 159,₹5367,In Stock,Sonata,4.4,2451,1532,485,285,23,188,Delivery in 3-5 days,No,Analog|Water Resistant|Leather Strap
Fastrack Watch Model 160,₹7074,In Stock,Fastrack,3.5,1615,2794,165,58,324,106,Delivery in 3-5 days,Yes,Analog|Water Resistant|Leather Strap
Titan Watch Model 161,₹3868,In Stock,Titan,3.9,4109,240,534,480,109,45,Delivery in 3-5 days,No,Analog|Water Resistant|Leather Strap
Boat Watch Model 162,₹3514,In Stock,Boat,4.5,1441,1504,325,167,121,33,Delivery in 3-5 days,No,Analog|Water Resistant|Leather Strap
Timex Watch Model 163,₹7059,In Stock,Timex,4.5,36,784,1189,326,310,1,Delivery in 3-5 days,No,Analog|Water Resistant|Leather Strap
Fastrack Watch Model 164,₹4825,In Stock,Fastrack,3.7,3857,2716,1197,143,169,135,Delivery in 3-5 days,Yes,Analog|Water Resistant|Leather Strap
Fossil Watch Model 165,₹3586,In Stock,Fossil,3.7,708,1408,748,738,225,19,Delivery in 3-5 days,No,Analog|Water Resistant|Leather Strap
Sonata Watch Model 166,₹8248,In Stock,Sonata,4.2,2290,2547,334,354,146,149,Delivery in 3-5 days,Yes,Analog|Water Resistant|Leather Strap
Boat Watch Model 167,₹8230,In Stock,Boat,4.2,793,2569,53,481,373,108,Delivery in 3-5 days,Yes,Analog|Water Resistant|Leather Strap
Titan Watch Model 168,₹2860,In Stock,Titan,4.7,2012,455,874,409,191,71,Delivery in 3-5 days,Yes,Analog|Water Resistant|Leather Strap
Timex Watch Model 169,₹6797,In Stock,Timex,4.2,382,1630,1277,301,179,104,Delivery in 3-5 days,No,Analog|Water Resistant|Leather Strap
Titan Watch Model 170,₹9639,In Stock,Titan,4.3,386,204,918,335,273,176,Delivery in 3-5 days,No,Analog|Water Resistant|Leather Strap
Boat Watch Model 171,₹2344,In Stock,Boat,4.0,536,2974,518,243,228,62,Delivery in 3-5 days,No,Analog|Water Resistant|Leather Strap
Fastrack Watch Model 172,₹1491,In Stock,Fastrack,4.0,3326,667,760,188,330,195,Delivery in 3-5 days,Yes,Analog|Water Resistant|Leather Strap
Titan Watch Model 173,₹1537,In Stock,Titan,4.7,247,1213,1071,409,66,185,Delivery in 3-5 days,Yes,Analog|Water Resistant|Leather Strap
Noise Watch Model 174,₹7896,In Stock,Noise,4.3,3258,793,1196,641,326,94,Delivery in 3-5 days,No,Analog|Water Resistant|Leather Strap
Sonata Watch Model 175,₹6457,In Stock,Sonata,4.6,4799,1367,624,691,47,58,Delivery in 3-5 days,No,Analog|Water Resistant|Leather Strap
Casio Watch Model 176,₹5331,In Stock,Casio,3.7,4244,2251,1472,559,107,118,Delivery in 3-5 days,No,Analog|Water Resistant|Leather Strap
Fossil Watch Model 177,₹3326,In Stock,Fossil,3.8,2520,900,1494,751,390,145,Delivery in 3-5 days,No,Analog|Water Resistant|Leather Strap
Timex Watch Model 178,₹5359,In Stock,Timex,3.7,2984,484,710,539,241,146,Delivery in 3-5 days,No,Analog|Water Resistant|Leather Strap
Fossil Watch Model 179,₹9003,In Stock,Fossil,4.5,823,1604,125,384,264,155,Delivery in 3-5 days,Yes,Analog|Water Resistant|Leather Strap
Fastrack Watch Model 180,₹3962,In Stock,Fastrack,4.1,3322,337,104,776,142,1,Delivery in 3-5 days,Yes,Analog|Water Resistant|Leather Strap
Titan Watch Model 181,₹2481,In Stock,Titan,4.3,3995,2920,1200,223,241,71,Delivery in 3-5 days,No,Analog|Water Resistant|Leather Strap
Noise Watch Model 182,₹9509,In Stock,Noise,4.2,2560,546,744,58,50,95,Delivery in 3-5 days,Yes,Analog|Water Resistant|Leather Strap
Titan Watch Model 183,₹7270,In Stock,Titan,4.0,4360,1516,211,697,187,139,Delivery in 3-5 days,No,Analog|Water Resistant|Leather Strap
Sonata Watch Model 184,₹4469,In Stock,Sonata,5.0,4806,1554,380,375,279,123,Delivery in 3-5 days,No,Analog|Water Resistant|Leather Strap
Noise Watch Model 185,₹3175,In Stock,Noise,4.0,2350,914,1237,541,384,153,Delivery in 3-5 days,No,Analog|Water Resistant|Leather Strap
Fossil Watch Model 186,₹9324,In Stock,Fossil,4.7,2196,839,708,422,330,188,Delivery in 3-5 days,No,Analog|Water Resistant|Leather Strap
Sonata Watch Model 187,₹9498,In Stock,Sonata,4.1,753,800,1359,275,293,156,Delivery in 3-5 days,Yes,Analog|Water Resistant|Leather Strap
Fastrack Watch Model 188,₹5450,In Stock,Fastrack,3.7,3286,162,129,526,58,108,Delivery in 3-5 days,Yes,Analog|Water Resistant|Leather Strap
Casio Watch Model 189,₹9532,In Stock,Casio,4.0,2325,2835,324,624,300,108,Delivery in 3-5 days,Yes,Analog|Water Resistant|Leather Strap
Sonata Watch Model 190,₹3104,In Stock,Sonata,4.6,1826,2821,379,79,288,161,Delivery in 3-5 days,Yes,Analog|Water Resistant|Leather Strap
Casio Watch Model 191,₹2309,In Stock,Casio,4.3,3437,2349,542,55,378,80,Delivery in 3-5 days,Yes,Analog|Water Resistant|Leather Strap
Casio Watch Model 192,₹1678,In Stock,Casio,4.6,4809,1960,41,72,18,124,Delivery in 3-5 days,No,Analog|Water Resistant|Leather Strap
Boat Watch Model 193,₹9955,In Stock,Boat,4.1,3691,535,285,443,137,140,Delivery in 3-5 days,No,Analog|Water Resistant|Leather Strap
Fossil Watch Model 194,₹5832,In Stock,Fossil,5.0,3512,1869,638,200,312,64,Delivery in 3-5 days,Yes,Analog|Water Resistant|Leather Strap
Titan Watch Model 195,₹898,In Stock,Titan,4.9,3278,1857,670,563,22,59,Delivery in 3-5 days,No,Analog|Water Resistant|Leather Strap
Casio Watch Model 196,₹8578,In Stock,Casio,4.0,260,1548,333,21,156,40,Delivery in 3-5 days,No,Analog|Water Resistant|Leather Strap
Timex Watch Model 197,₹5999,In Stock,Timex,3.6,4938,466,172,287,362,73,Delivery in 3-5 days,Yes,Analog|Water Resistant|Leather Strap
Noise Watch Model 198,₹5715,In Stock,Noise,3.9,3125,2279,804,301,6,52,Delivery in 3-5 days,No,Analog|Water Resistant|Leather Strap
Noise Watch Model 199,₹8281,In Stock,Noise,4.3,2144,2142,1295,180,45,127,Delivery in 3-5 days,No,Analog|Water Resistant|Leather Strap
Timex Watch Model 200,₹9090,In Stock,Timex,3.7,214,2355,1013,354,45,60,Delivery in 3-5 days,Yes,Analog|Water Resistant|Leather Strap
